"Zunzingen, 08.04.2021",Data per day from: 01.01.2019 to 31.12.2019,,,,,,,,,,,,,
time,Datum,Tmin,Tavg,Tmax,Niederschlag,Feuchte,OidiumIndex,Stadienspez. Anfaelligkeit,OidiumTageswert,Blattfläche,BlattflaecheImWachstum,Blattanzahl,BBCHStadium,DayMonth
01.01.2019 23:50:00,01.01.2019,4.98,5.603194444444,6.48,0.1,95.347222222222,0,0,0,0,0,0,0,01.01
02.01.2019 23:50:00,02.01.2019,-1.11,3.066111111111,5.83,1.3,84.444444444444,0,0,0,0,0,0,0,02.01
03.01.2019 23:50:00,03.01.2019,-4.84,-0.786180555555556,2.4,0.1,89.006944444444,0,0,0,0,0,0,0,03.01
04.01.2019 23:50:00,04.01.2019,-2.96,0.317152777778,3.75,0.1,92.298611111111,0,0,0,0,0,0,0,04.01
05.01.2019 23:50:00,05.01.2019,0.98,1.925833333333,3.28,2.1,92.666666666667,0,0,0,0,0,0,0,05.01
06.01.2019 23:50:00,06.01.2019,1.86,3.600833333333,5.92,0.6,95.048611111111,0,0,0,0,0,0,0,06.01
07.01.2019 23:50:00,07.01.2019,1.97,3.002361111111,4.12,0.4,93.284722222222,0,0,0,0,0,0,0,07.01
08.01.2019 23:50:00,08.01.2019,1.7,4.071041666667,6.53,0.7,88.770833333333,0,0,0,0,0,0,0,08.01
09.01.2019 23:50:00,09.01.2019,-0.07,1.697847222222,3.53,2.9,95.909722222222,0,0,0,0,0,0,0,09.01
10.01.2019 23:50:00,10.01.2019,-3.29,-0.0292361111111112,0.83,0.5,98.3125,0,0,0,0,0,0,0,10.01
11.01.2019 23:50:00,11.01.2019,-3.56,-0.961527777777777,0.77,0,94.590277777778,0,0,0,0,0,0,0,11.01
12.01.2019 23:50:00,12.01.2019,0.61,2.625694444444,4.42,4.9,92.375,0,0,0,0,0,0,0,12.01
13.01.2019 23:50:00,13.01.2019,4,6.257569444444,8.17,2.9,93.638888888889,0,0,0,0,0,0,0,13.01
14.01.2019 23:50:00,14.01.2019,1.67,5.501944444444,7.78,3.6,91.826388888889,0,0,0,0,0,0,0,14.01
15.01.2019 23:50:00,15.01.2019,1.82,4.247638888889,7.66,0,83.555555555556,0,0,0,0,0,0,0,15.01
16.01.2019 23:50:00,16.01.2019,-2.79,3.681666666667,9.2,0,77.041666666667,0,0,0,0,0,0,0,16.01
17.01.2019 23:50:00,17.01.2019,1.62,6.563541666667,8.95,0.3,78.076388888889,0,0,0,0,0,0,0,17.01
18.01.2019 23:50:00,18.01.2019,-3.92,-0.67875,2.87,0.2,90.597222222222,0,0,0,0,0,0,0,18.01
19.01.2019 23:50:00,19.01.2019,-6.4,-3.025555555556,1.44,0,92.208333333333,0,0,0,0,0,0,0,19.01
20.01.2019 23:50:00,20.01.2019,-4.9,-2.025763888889,0.68,0,94.652777777778,0,0,0,0,0,0,0,20.01
21.01.2019 23:50:00,21.01.2019,-1.95,-1.517152777778,-1.06,0,94.159722222222,0,0,0,0,0,0,0,21.01
22.01.2019 23:50:00,22.01.2019,-5.08,-1.059027777778,3.67,0,88.930555555556,0,0,0,0,0,0,0,22.01
23.01.2019 23:50:00,23.01.2019,-4.59,-0.754097222222222,1.54,0.1,91.208333333333,0,0,0,0,0,0,0,23.01
24.01.2019 23:50:00,24.01.2019,-2.59,-1.891527777778,-1.27,0,87.006944444444,0,0,0,0,0,0,0,24.01
25.01.2019 23:50:00,25.01.2019,-3.62,-0.719791666666667,2.91,0,71.729166666667,0,0,0,0,0,0,0,25.01
26.01.2019 23:50:00,26.01.2019,0.34,3.847222222222,6.72,0,82.222222222222,0,0,0,0,0,0,0,26.01
27.01.2019 23:50:00,27.01.2019,2.1,6.540416666667,9.09,1.5,78.381944444444,0,0,0,0,0,0,0,27.01
28.01.2019 23:50:00,28.01.2019,1.91,2.445347222222,3.53,0,86.923611111111,0,0,0,0,0,0,0,28.01
29.01.2019 23:50:00,29.01.2019,-1.47,2.011805555556,5.54,0.2,77.673611111111,0,0,0,0,0,0,0,29.01
30.01.2019 23:50:00,30.01.2019,-0.97,2.306111111111,4.96,0.1,73.868055555556,0,0,0,0,0,0,0,30.01
31.01.2019 23:50:00,31.01.2019,-0.06,2.357013888889,6.15,0.5,78.965277777778,0,0,0,0,0,0,0,31.01
01.02.2019 23:50:00,01.02.2019,0.31,3.105347222222,4.92,7,99.680555555556,0,0,0,0,0,0,0,01.02
02.02.2019 23:50:00,02.02.2019,2.56,5.319722222222,9.26,0.1,88.479166666667,0,0,0,0,0,0,0,02.02
03.02.2019 23:50:00,03.02.2019,-0.49,2.001736111111,4.71,4.2,93.902777777778,0,0,0,0,0,0,0,03.02
04.02.2019 23:50:00,04.02.2019,-4.58,-0.479097222222223,4.64,0.1,89.847222222222,0,0,0,0,0,0,0,04.02
05.02.2019 23:50:00,05.02.2019,-4.85,-0.190902777777778,6.85,0,87.555555555556,0,0,0,0,0,0,0,05.02
06.02.2019 23:50:00,06.02.2019,-6.15,-1.013888888889,7.7,0.1,89.3125,0,0,0,0,0,0,0,06.02
07.02.2019 23:50:00,07.02.2019,-4.04,4.333263888889,8.81,0.5,81.222222222222,0,0,0,0,0,0,0,07.02
08.02.2019 23:50:00,08.02.2019,4.15,7.590347222222,10.8,0,67.805555555556,0,0,0,0,0,0,0,08.02
09.02.2019 23:50:00,09.02.2019,8.47,9.910694444444,12.24,0.4,63.277777777778,0,0,0,0,0,0,0,09.02
10.02.2019 23:50:00,10.02.2019,4.47,9.981666666667,14.15,6.1,65,0,0,0,0,0,0,0,10.02
11.02.2019 23:50:00,11.02.2019,1.18,3.507152777778,6.2,3,91.534722222222,0,0,0,0,0,0,0,11.02
12.02.2019 23:50:00,12.02.2019,-1.56,2.427708333333,7.05,0,88.215277777778,0,0,0,0,0,0,0,12.02
13.02.2019 23:50:00,13.02.2019,-3.32,1.571388888889,8.99,0.1,82.270833333333,0,0,0,0,0,0,0,13.02
14.02.2019 23:50:00,14.02.2019,-1.82,3.480694444444,12.16,0,81.416666666667,0,0,0,0,0,0,0,14.02
15.02.2019 23:50:00,15.02.2019,-1.74,4.239722222222,12.87,0,82.034722222222,0,0,0,0,0,0,0,15.02
16.02.2019 23:50:00,16.02.2019,-1.26,6.733263888889,20.13,0,68.076388888889,0,0,0,0,0,0,0,16.02
17.02.2019 23:50:00,17.02.2019,-0.2,7.488125,20.66,0,63.4375,0,0,0,0,0,0,0,17.02
18.02.2019 23:50:00,18.02.2019,1.08,8.845625,17.17,0,56.958333333333,0,0,0,0,0,0,0,18.02
19.02.2019 23:50:00,19.02.2019,3.24,9.161458333333,14.03,0,66.763888888889,0,0,0,0,0,0,0,19.02
20.02.2019 23:50:00,20.02.2019,0.69,6.225833333333,14.46,0,85.451388888889,0,0,0,0,0,0,0,20.02
21.02.2019 23:50:00,21.02.2019,0.31,8.168125,18.32,0,74.770833333333,0,0,0,0,0,0,0,21.02
22.02.2019 23:50:00,22.02.2019,3.06,8.030555555556,13.44,0,81.888888888889,0,0,0,0,0,0,0,22.02
23.02.2019 23:50:00,23.02.2019,-0.72,4.884236111111,13.2,0.1,79.229166666667,0,0,0,0,0,0,0,23.02
24.02.2019 23:50:00,24.02.2019,-3.77,3.340902777778,11.24,0,62.354166666667,0,0,0,0,0,0,0,24.02
25.02.2019 23:50:00,25.02.2019,-1.38,5.327291666667,13.82,0,63.833333333333,0,0,0,0,0,0,0,25.02
26.02.2019 23:50:00,26.02.2019,0.51,7.3325,17.34,0,73.423611111111,0,0,0,0,0,0,0,26.02
27.02.2019 23:50:00,27.02.2019,0.6,8.691805555556,18.48,0,71.291666666667,0,0,0,0,0,0,0,27.02
28.02.2019 23:50:00,28.02.2019,3.44,12.936180555556,19.08,0.5,56.152777777778,0,0,0,0,0,0,0,28.02
01.03.2019 23:50:00,01.03.2019,7.12,8.614236111111,10.73,4.6,88.548611111111,0,0,0,0,0,0,0,01.03
02.03.2019 23:50:00,02.03.2019,6.68,8.79875,11.99,0.1,78.965277777778,0,0,0,0,0,0,0,02.03
03.03.2019 23:50:00,03.03.2019,8.92,11.313958333333,14.58,0,67.4375,0,0,0,0,0,0,0,03.03
04.03.2019 23:50:00,04.03.2019,4.84,10.805,17.26,5.8,59.138888888889,0,0,0,0,0,0,0,04.03
05.03.2019 23:50:00,05.03.2019,5.12,8.480972222222,11.9,0.2,67.416666666667,0,0,0,0,0,0,0,05.03
06.03.2019 23:50:00,06.03.2019,1.86,10.212152777778,17.59,0,55.159722222222,0,0,0,0,0,0,0,06.03
07.03.2019 23:50:00,07.03.2019,7.99,10.493402777778,16.35,4.2,67.104166666667,0,0,0,0,0,0,0,07.03
08.03.2019 23:50:00,08.03.2019,6.77,9.231388888889,12.99,0.1,68.923611111111,0,0,0,0,0,0,0,08.03
09.03.2019 23:50:00,09.03.2019,7.52,10.057986111111,12.05,0.3,78.451388888889,0,0,0,0,0,0,0,09.03
10.03.2019 23:50:00,10.03.2019,7,11.815069444444,15.6,4.1,75.270833333333,0,0,0,0,0,0,0,10.03
11.03.2019 23:50:00,11.03.2019,0.48,4.700347222222,7.22,4.7,75.506944444444,0,0,0,0,0,0,0,11.03
12.03.2019 23:50:00,12.03.2019,0.25,8.091111111111,13.93,0,49.618055555556,0,0,0,0,0,0,0,12.03
13.03.2019 23:50:00,13.03.2019,4.11,6.226458333333,12.84,2.4,79.611111111111,0,0,0,0,0,0,0,13.03
14.03.2019 23:50:00,14.03.2019,5.26,5.942986111111,7.98,3.2,87.076388888889,0,0,0,0,0,0,0,14.03
15.03.2019 23:50:00,15.03.2019,6.5,9.946597222222,12.03,2.9,89.826388888889,0,0,0,0,0,0,0,15.03
16.03.2019 23:50:00,16.03.2019,9.84,11.678055555556,15.24,0,75.076388888889,0,0,0,0,0,0,0,16.03
17.03.2019 23:50:00,17.03.2019,3.98,10.543472222222,16.44,4.2,59.701388888889,0,0,0,0,0,0,0,17.03
18.03.2019 23:50:00,18.03.2019,0.57,5.315972222222,9.98,1,78.180555555556,0,0,0,0,0,0,0,18.03
19.03.2019 23:50:00,19.03.2019,-2.05,4.145138888889,10.6,0,77.993055555556,0,0,0,0,0,0,0,19.03
20.03.2019 23:50:00,20.03.2019,-2.46,5.096319444444,12.27,0,69.756944444444,0,0,0,0,0,0,0,20.03
21.03.2019 23:50:00,21.03.2019,-2.07,6.786458333333,15.58,0,60.854166666667,0,0,0,0,0,0,0,21.03
22.03.2019 23:50:00,22.03.2019,0.03,9.158055555556,19.44,0,59.048611111111,0,0,0,0,0,0,0,22.03
23.03.2019 23:50:00,23.03.2019,1.65,10.384097222222,18.87,0,60.805555555556,0,0,0,0,0,0,0,23.03
24.03.2019 23:50:00,24.03.2019,1.71,9.48,17.86,0,71.993055555556,0,0,0,0,0,0,0,24.03
25.03.2019 23:50:00,25.03.2019,2.87,8.095,11.54,2,64.097222222222,0,0,0,0,0,0,0,25.03
26.03.2019 23:50:00,26.03.2019,1.6,5.397083333333,10.11,0.1,78.166666666667,0,0,0,0,0,0,0,26.03
27.03.2019 23:50:00,27.03.2019,-1.72,5.316875,11.9,0,72.8125,0,0,0,0,0,0,0,27.03
28.03.2019 23:50:00,28.03.2019,-0.42,8.231666666667,17.01,0,64.833333333333,0,0,0,0,0,0,0,28.03
29.03.2019 23:50:00,29.03.2019,1.8,9.634236111111,18.96,0,66.756944444444,0,0,0,0,0,0,0,29.03
30.03.2019 23:50:00,30.03.2019,2.13,11.689097222222,21.61,0,56.666666666667,0,0,0,0,0,0,0,30.03
31.03.2019 23:50:00,31.03.2019,2.78,11.503472222222,20.36,0,58.340277777778,0,0,0,0,0,0,0,31.03
01.04.2019 23:50:00,01.04.2019,4.4,10.688472222222,18.47,0,72.958333333333,0,0,0,0,0,0,0,01.04
02.04.2019 23:50:00,02.04.2019,4.6,13.773819444444,21.12,0.2,58.743055555556,0,0,0,0,0,0,0,02.04
03.04.2019 23:50:00,03.04.2019,3.91,7.280625,11.06,13.9,87.965277777778,0,0,0,0,0,0,0,03.04
04.04.2019 23:50:00,04.04.2019,0.44,2.181597222222,3.98,13.6,97.569444444444,0,0,0,0,0,0,0,04.04
05.04.2019 23:50:00,05.04.2019,-0.35,3.854722222222,9.22,0,92.506944444444,0,0,0,0,0,0,0,05.04
06.04.2019 23:50:00,06.04.2019,-0.03,6.596041666667,14.22,0,87.645833333333,0,0,0,0,0,0,0,06.04
07.04.2019 23:50:00,07.04.2019,6.51,10.286527777778,12.37,0,76.972222222222,0,0,0,0,0,0,0,07.04
08.04.2019 23:50:00,08.04.2019,7.65,10.853541666667,14.52,0,79.611111111111,0,0,0,0,0,0,0,08.04
09.04.2019 23:50:00,09.04.2019,5.91,9.200972222222,12.87,2.4,92.236111111111,0,0,0,0,0,0,0,09.04
10.04.2019 23:50:00,10.04.2019,7.84,8.792222222222,9.75,2.7,97.909722222222,0,0,0,0,0,0,0,10.04
11.04.2019 23:50:00,11.04.2019,2.77,7.813055555556,12.87,0.4,78.986111111111,0,0,0,0,0,0,0,11.04
12.04.2019 23:50:00,12.04.2019,0.06,5.717013888889,11.71,0,73.284722222222,0,0,0,0,0,0,0,12.04
13.04.2019 23:50:00,13.04.2019,0.68,4.164930555556,8.12,0.1,80.361111111111,0,0,0,0,0,0,0,13.04
14.04.2019 23:50:00,14.04.2019,1.92,3.506666666667,5.55,1,92.826388888889,0,0,0,0,0,0,0,14.04
15.04.2019 23:50:00,15.04.2019,-0.69,6.753194444444,16.44,0,82.840277777778,0,0,0,0,0,0,0,15.04
16.04.2019 23:50:00,16.04.2019,3.77,10.562430555556,17.44,0.6,80.659722222222,0,0,0,0,0,0,0,16.04
17.04.2019 23:50:00,17.04.2019,8.34,13.155833333333,18.41,0.3,81.159722222222,0,0,0,0,0,0,0,17.04
18.04.2019 23:50:00,18.04.2019,5.32,13.945902777778,21.84,0,67.534722222222,0,0,0,0,0,0,0,18.04
19.04.2019 23:50:00,19.04.2019,6.83,15.040277777778,23,0,63.388888888889,0,0,0,0,0,0,0,19.04
20.04.2019 23:50:00,20.04.2019,6.86,15.821527777778,25.71,0,58.881944444444,0,0,0,0,0,0,0,20.04
21.04.2019 23:50:00,21.04.2019,6.92,14.084722222222,22.7,0,62.0625,0,0,0,0,0,0,0,21.04
22.04.2019 23:50:00,22.04.2019,6.44,15.648958333333,26.59,0,58.256944444444,0,0,0,4,4,1,11,22.04
23.04.2019 23:50:00,23.04.2019,10.42,15.825208333333,23.53,0,60.916666666667,0,0,0,4.5,4.5,1,11,23.04
24.04.2019 23:50:00,24.04.2019,5.77,14.198541666667,25,4.7,73.090277777778,0,0,0,5.6,5.6,1,12,24.04
25.04.2019 23:50:00,25.04.2019,4.37,12.178888888889,21.68,0.2,78.006944444444,0,0,0,6.3,6.3,1,12,25.04
26.04.2019 23:50:00,26.04.2019,6.85,9.680069444444,15.19,7.2,80.513888888889,0,0,0,6.3,0,1,12,26.04
27.04.2019 23:50:00,27.04.2019,4.92,9.306666666667,13.33,9.4,84.604166666667,0,0,0,6.3,0,1,12,27.04
28.04.2019 23:50:00,28.04.2019,3.27,7.140138888889,12.53,2.4,83.520833333333,0,0,0,6.3,0,1,12,28.04
29.04.2019 23:50:00,29.04.2019,2.01,7.9475,12.51,0,83.020833333333,2.038936446581,0.5,0.142725551261,6.3,0,1,13,29.04
30.04.2019 23:50:00,30.04.2019,4.55,9.765694444444,14.71,0,86.222222222222,6.88920876839,0.5,0.339519062527,6.3,0,1,13,30.04
01.05.2019 23:50:00,01.05.2019,2.44,11.348819444444,20.69,0,76.305555555556,11.934772267365,0.5,0.353189444928,6.7,6.7,1,13,01.05
02.05.2019 23:50:00,02.05.2019,5.12,12.001805555556,19.73,0.3,79.590277777778,18.107033853291,0.5,0.432058311015,7.4,7.4,1,13,02.05
03.05.2019 23:50:00,03.05.2019,7.62,10.366597222222,14.97,7.8,86.340277777778,18.107033853291,0.5,0,7.6,7.6,1,13,03.05
04.05.2019 23:50:00,04.05.2019,0.55,5.401944444444,11.38,3.7,93.770833333333,18.107033853291,0.5,0,7.6,0,1,13,04.05
05.05.2019 23:50:00,05.05.2019,0.11,4.675416666667,9.55,0.7,83.347222222222,18.107033853291,0.5,0,7.6,0,1,13,05.05
06.05.2019 23:50:00,06.05.2019,-0.24,6.231666666667,13.27,6.4,78.354166666667,16.06809740671,0.5,0,7.6,0,1,13,06.05
07.05.2019 23:50:00,07.05.2019,0.05,8.840833333333,15.92,0,70.791666666667,13.594672168908,0.5,0.166379295881,7.6,0,1,14,07.05
08.05.2019 23:50:00,08.05.2019,8.92,11.798611111111,14.74,7.4,78.534722222222,10.390636095383,0.5,0.128906919781,10.8,10.8,1,14,08.05
09.05.2019 23:50:00,09.05.2019,8.79,12.140902777778,16.38,3.7,74.951388888889,6.345177638208,0.5,0.148876219013,12,12,1,14,09.05
10.05.2019 23:50:00,10.05.2019,10.45,14.101180555556,18.09,0.6,72.784722222222,12.776610206132,0.5,0.450200279755,16.8,16.8,2,14,10.05
11.05.2019 23:50:00,11.05.2019,8.13,12.885486111111,18.05,3.3,77.840277777778,16.008474978109,0.5,0.226230534038,22.6,22.6,2,14,11.05
12.05.2019 23:50:00,12.05.2019,3.77,9.396458333333,13.24,0.1,78.826388888889,19.567868726244,0.55,0.249157562369,22.6,0,2,15,12.05
13.05.2019 23:50:00,13.05.2019,1.33,10.114722222222,17.04,0,62.472222222222,22.446198861496,0.55,0.201483109468,22.7,22.7,2,15,13.05
14.05.2019 23:50:00,14.05.2019,3.08,11.026736111111,16.56,0,48.652777777778,21.663145968474,0.55,0.111565593369,23.9,23.9,2,15,14.05
15.05.2019 23:50:00,15.05.2019,2.65,9.793680555556,16.09,0.4,58.597222222222,22.035431960313,0.55,0.15496693921,23.9,0,2,15,15.05
16.05.2019 23:50:00,16.05.2019,1.48,9.093680555556,14.3,0,75.673611111111,23.048751247118,0.55,0.219808569089,23.9,0,2,15,16.05
17.05.2019 23:50:00,17.05.2019,3.65,12.50625,20.84,0.2,74.131944444444,22.666022877109,0.55,0.423409293854,26.8,26.8,2,15,17.05
18.05.2019 23:50:00,18.05.2019,10.48,14.954166666667,19.99,0,76.868055555556,28.862729533704,0.6,0.66,37.3,37.3,2,16,18.05
19.05.2019 23:50:00,19.05.2019,11.47,14.565138888889,19.34,1.4,85.229166666667,36.303335785569,0.7,0.77,48.5,48.5,3,53,19.05
20.05.2019 23:50:00,20.05.2019,12.11,13.509722222222,17.62,30.2,95.256944444444,33.425005650317,0.7,0,56.1,56.1,3,53,20.05
21.05.2019 23:50:00,21.05.2019,11.25,12.261111111111,13.51,8.2,94.076388888889,35.508099314323,0.7,0.257382149849,64.5,64.5,3,53,21.05
22.05.2019 23:50:00,22.05.2019,7.81,14.023472222222,20.07,0.1,74.25,44.121367126142,0.8,0.757895686038,75.2,75.2,3,17,22.05
23.05.2019 23:50:00,23.05.2019,5.43,14.468194444444,22.05,0,70.666666666667,50.768728435122,0.8,0.685123860718,97.2,97.2,3,17,23.05
24.05.2019 23:50:00,24.05.2019,8.97,16.536944444444,23.61,0,70.569444444444,55.469246727504,0.8,0.752445574321,121.4,121.4,4,17,24.05
25.05.2019 23:50:00,25.05.2019,10.2,16.483263888889,23.46,0,74.020833333333,60.089479599539,0.9,0.983416301042,151.3,151.3,4,55,25.05
26.05.2019 23:50:00,26.05.2019,8.39,16.820555555556,24.38,0,69.715277777778,61.479219516295,0.9,0.867281794173,195,195,4,55,26.05
27.05.2019 23:50:00,27.05.2019,9.33,16.686319444444,21.73,1.3,73.180555555556,75.044660661995,0.9,0.949580880199,231.5,231.5,5,55,27.05
28.05.2019 23:50:00,28.05.2019,8.26,13.224236111111,17.52,13.9,88.375,71.367772807003,1,0,249.8,249.8,5,19,28.05
29.05.2019 23:50:00,29.05.2019,8.31,12.836736111111,18.32,0.5,80.8125,73.790539943188,1,0.92748938557,274.6,274.6,5,19,29.05
30.05.2019 23:50:00,30.05.2019,6.14,15.527777777778,22.7,0,68.965277777778,76.651193447212,1,0.885369605999,316.7,316.7,5,19,30.05
31.05.2019 23:50:00,31.05.2019,9.47,17.539513888889,25,0,71.090277777778,80.83245954684,1,1.045134201295,367.9,367.9,6,19,31.05
01.06.2019 23:50:00,01.06.2019,11.03,20.288333333333,28.48,0,68.534722222222,82.064827192439,1,1.069682036234,451.3,451.3,6,19,01.06
02.06.2019 23:50:00,02.06.2019,12.44,23.229166666667,31.01,0,59.25,80.223124705879,1,0.738362620114,567.5,567.5,7,19,02.06
03.06.2019 23:50:00,03.06.2019,14.35,21.789097222222,29.1,2.4,71.388888888889,82.371969274465,1,1.1,668.9,668.9,8,19,03.06
04.06.2019 23:50:00,04.06.2019,13.36,23.58625,32.58,0,62.611111111111,94.203957308693,1,0.828239162396,804,804,8,19,04.06
05.06.2019 23:50:00,05.06.2019,17.38,23.986527777778,28.92,0,49.625,87.242658742219,1,0.440198485917,941.5,941.5,9,57,05.06
06.06.2019 23:50:00,06.06.2019,8.56,12.476111111111,17.05,2.7,85.833333333333,81.153685060118,1,0.459141448252,964.5,944.6,9,57,06.06
07.06.2019 23:50:00,07.06.2019,6.88,15.496736111111,26.1,2.4,75.402777777778,80.57484936367,1,1.004615702543,1018,1018,9,57,07.06
08.06.2019 23:50:00,08.06.2019,9.47,16.614930555556,23.28,0.1,55.527777777778,72.907657242498,1,0.532978587752,1082.8,1082.8,10,57,08.06
09.06.2019 23:50:00,09.06.2019,7.45,15.081041666667,20.42,3.5,77.888888888889,71.641610356988,1,0.649739338128,1128.3,1108.5,10,57,09.06
10.06.2019 23:50:00,10.06.2019,13.33,15.406458333333,17.8,14,96.916666666667,55.927324642702,1,0,1181.8,1145.5,10,57,10.06
11.06.2019 23:50:00,11.06.2019,12.11,14.081875,17.45,4.4,94.020833333333,55.475629640962,1,0.796620512274,1220.7,1184.4,10,57,11.06
12.06.2019 23:50:00,12.06.2019,11.75,16.032777777778,21.76,3,77.958333333333,59.135589119616,1,0.696395649423,1277.4,1241.1,10,57,12.06
13.06.2019 23:50:00,13.06.2019,12.28,18.611111111111,26.4,0.1,66.027777777778,65.585756267208,1,0.910653148584,1349.2,1312.9,11,57,13.06
14.06.2019 23:50:00,14.06.2019,10.76,18.175069444444,23.61,0,78.388888888889,66.948389088017,1,1.1,1416.9,1380.6,11,61,14.06
15.06.2019 23:50:00,15.06.2019,14.95,18.612361111111,23.78,9.2,80.916666666667,74.817914686538,1,1.083845379649,1496.5,1441.5,12,61,15.06
16.06.2019 23:50:00,16.06.2019,13.79,17.784930555556,23.2,22.4,79.916666666667,66.876952882447,1,0.093872011842,1555.8,1437.2,12,63,16.06
17.06.2019 23:50:00,17.06.2019,10.75,19.559791666667,26.54,0,75.277777777778,82.591238596732,1,1.1,1633.5,1480.6,12,65,17.06
18.06.2019 23:50:00,18.06.2019,13.33,22.403402777778,30,0,67.868055555556,85.287467744128,1,0.985356552592,1728.2,1575.4,13,65,18.06
19.06.2019 23:50:00,19.06.2019,14.28,23.905763888889,31.47,0,59.743055555556,86.066814084961,1,0.750949893281,1830.6,1677.7,13,68,19.06
20.06.2019 23:50:00,20.06.2019,15.82,20.210902777778,24.76,11,75.451388888889,78.3110699331,1,0.367751057953,1905.3,1625.3,14,68,20.06
21.06.2019 23:50:00,21.06.2019,14.17,19.8525,25,0.4,75.701388888889,78.3110699331,1,1.1,1972.6,1692.6,14,69,21.06
22.06.2019 23:50:00,22.06.2019,14.86,17.519861111111,21.68,3.8,91.798611111111,78.541850223831,1,1.1,2018.8,1581.4,14,69,22.06
23.06.2019 23:50:00,23.06.2019,15.7,20.524861111111,26.57,0,84.243055555556,92.915107197522,1,1.1,2087.1,1649.6,15,71,23.06
24.06.2019 23:50:00,24.06.2019,14.94,23.242777777778,30.98,0,77.451388888889,92.915107197522,1,1.1,2169,1731.6,15,71,24.06
25.06.2019 23:50:00,25.06.2019,16.55,26.044444444444,34.41,0,72.472222222222,94.552870731923,1,1.1,2262.7,1763.7,16,71,25.06
26.06.2019 23:50:00,26.06.2019,19.58,27.375277777778,34.89,0,73.402777777778,98.990869121643,1,1.061609780562,2363.5,1735.8,17,71,26.06
27.06.2019 23:50:00,27.06.2019,19.73,25.981319444444,31.73,0,77.0625,100,1,1.1,2441.5,1668.3,17,73,27.06
28.06.2019 23:50:00,28.06.2019,16.43,23.181597222222,29.54,0,68.798611111111,100,1,1.032548847973,2513.6,1531.9,18,73,28.06
29.06.2019 23:50:00,29.06.2019,14.29,23.835208333333,32.37,0,69.993055555556,100,1,1.1,2578.5,1545.3,18,73,29.06
30.06.2019 23:50:00,30.06.2019,16.98,27.940833333333,35.98,0,61.166666666667,100,1,0.711094928848,2655.6,1546.6,19,73,30.06
01.07.2019 23:50:00,01.07.2019,22.83,27.588680555556,34.33,0,61.166666666667,95.888148935832,1,0.606916868126,2737.6,1430,19,73,01.07
02.07.2019 23:50:00,02.07.2019,18.47,22.374791666667,26.88,0,59.951388888889,89.085864620986,1,0.623840097961,2787.5,1290.4,20,73,02.07
03.07.2019 23:50:00,03.07.2019,13.53,20.496319444444,26.84,0,64.597222222222,86.819948946324,1,0.902995683335,2824.1,1209.4,20,73,03.07
04.07.2019 23:50:00,04.07.2019,12.71,20.483402777778,27.88,0,65.055555555556,85.2542210085,1,0.990399044352,2870.6,1192.8,21,73,04.07
05.07.2019 23:50:00,05.07.2019,13.21,22.927708333333,31.7,0,56.979166666667,81.040526833118,1,0.737590255696,2918.1,1115.3,21,73,05.07
06.07.2019 23:50:00,06.07.2019,13.74,22.422222222222,30.81,0,63.0625,77.46991775799,1,0.850057364741,2958.8,1110.4,21,73,06.07
07.07.2019 23:50:00,07.07.2019,16.37,21.927152777778,27.25,10.9,68.736111111111,70.534950007874,0.9,0.22564718634,3005.9,1040.5,22,75,07.07
08.07.2019 23:50:00,08.07.2019,12.77,16.440625,20.72,0,86.256944444444,76.007566177505,0.9,0.99,3026.3,862.4,22,75,08.07
09.07.2019 23:50:00,09.07.2019,8.66,16.464375,22.28,0,66.805555555556,78.27394004749,0.9,0.78248626886,3045.5,838.2,22,75,09.07
10.07.2019 23:50:00,10.07.2019,8.43,16.925347222222,24.36,0,64.951388888889,76.300426895509,0.9,0.764849762697,3067.2,859.9,22,75,10.07
11.07.2019 23:50:00,11.07.2019,11.69,17.073333333333,23.96,0.1,73.277777777778,76.294726261904,0.9,0.99,3088.7,782.6,23,75,11.07
12.07.2019 23:50:00,12.07.2019,13.08,20.359930555556,27.19,2.8,66.909722222222,77.293515151764,0.9,0.807505477986,3125,818.9,23,75,12.07
13.07.2019 23:50:00,13.07.2019,11.95,17.823333333333,23.18,1,75.798611111111,76.149838512606,0.7,0.77,3146.7,799,23,77,13.07
14.07.2019 23:50:00,14.07.2019,10.55,16.073611111111,22.43,6.4,86.909722222222,79.822909962026,0.7,0.482762187799,3168.1,728,23,77,14.07
15.07.2019 23:50:00,15.07.2019,12.42,16.990972222222,23.23,0.2,81.833333333333,76.680052819169,0.7,0.77,3185.4,745.3,24,77,15.07
16.07.2019 23:50:00,16.07.2019,10.07,18.545069444444,26.57,0,74.395833333333,76.501677549744,0.7,0.77,3211.5,771.4,24,77,16.07
17.07.2019 23:50:00,17.07.2019,12.06,20.544583333333,29.5,0,67.208333333333,75.377174839742,0.7,0.686134572996,3238.7,762.9,24,77,17.07
18.07.2019 23:50:00,18.07.2019,12.48,21.859375,29.75,0,58.673611111111,69.381393461005,0.7,0.570295303488,3272.9,706.8,25,77,18.07
19.07.2019 23:50:00,19.07.2019,16.64,23.438125,29.4,0,57.243055555556,63.43220931879,0.7,0.391062588031,3306.4,706.6,25,77,19.07
20.07.2019 23:50:00,20.07.2019,14.37,24.375694444444,32.63,0,58.680555555556,60.040733891802,0.7,0.532596720111,3345.6,706.9,25,77,20.07
21.07.2019 23:50:00,21.07.2019,17.43,23.725902777778,30.61,2.7,70.673611111111,62.21826159709,0.7,0.635189127169,3373.5,654.9,26,77,21.07
22.07.2019 23:50:00,22.07.2019,15.09,23.052222222222,31.38,0,69.791666666667,59.075404454233,0.5,0.55,3406.9,606.9,26,79,22.07
23.07.2019 23:50:00,23.07.2019,15.3,25.14125,34.67,0,63.6875,54.303492834709,0.5,0.435966186633,3441.2,610.7,27,79,23.07
24.07.2019 23:50:00,24.07.2019,17.79,27.705416666667,36.94,0,53.770833333333,47.715667225399,0.5,0.224986780345,3474.7,644.2,27,79,24.07
25.07.2019 23:50:00,25.07.2019,17.24,28.451597222222,36.93,0,52.430555555556,42.562986476042,0.5,0.209607651033,3515.6,577.1,28,79,25.07
26.07.2019 23:50:00,26.07.2019,17.92,27.26125,35.28,55.2,57.972222222222,38.367493799216,0.5,0.097378100654,3544.3,538.4,28,79,26.07
27.07.2019 23:50:00,27.07.2019,17.78,21.284236111111,27.46,2.7,82.736111111111,37.870168945248,0.5,0.497783980333,3569,493,28,79,27.07
28.07.2019 23:50:00,28.07.2019,16.86,17.778472222222,18.59,8.2,96.388888888889,35.52437814538,0.5,0.470983771179,3581.2,410.1,28,79,28.07
29.07.2019 23:50:00,29.07.2019,13.28,20.524652777778,26.39,0,74.298611111111,35.52437814538,0.5,0.55,3595.4,424.3,29,79,29.07
30.07.2019 23:50:00,30.07.2019,15.63,22.455972222222,29.27,1.2,68.652777777778,36.904876410074,0.5,0.532601065162,3618.4,447.3,29,79,30.07
31.07.2019 23:50:00,31.07.2019,12.61,20.257777777778,25.07,0,65.375,39.73043448703,0.5,0.422775845732,3638.5,408.8,29,79,31.07
01.08.2019 23:50:00,01.08.2019,11.34,18.963611111111,26.07,0,68.215277777778,44.025410106569,0.5,0.510255944401,3648.3,387.7,29,79,01.08
02.08.2019 23:50:00,02.08.2019,13.65,20.122222222222,27.58,0,71.347222222222,50.49143724009,0.5,0.55,3658.6,397.9,30,79,02.08
03.08.2019 23:50:00,03.08.2019,13.44,20.168472222222,26.3,0,69.631944444444,51.237380378189,0.5,0.55,3679.7,393.1,30,79,03.08
04.08.2019 23:50:00,04.08.2019,12.37,20.530277777778,30.22,0,69.076388888889,52.076254965709,0.5,0.529704992305,3696.9,350.8,30,79,04.08
05.08.2019 23:50:00,05.08.2019,15.97,23.762083333333,30.69,0,61.854166666667,50.4517938799,0.5,0.436287723993,3707.6,361.5,30,79,05.08
06.08.2019 23:50:00,06.08.2019,17.99,22.54875,29.2,8,79.423611111111,48.757453607207,0.5,0.413997246073,3725.9,354.9,31,79,06.08
07.08.2019 23:50:00,07.08.2019,16.51,19.206805555556,22.67,12.4,91.763888888889,42.717798668183,0.5,0,3740.9,314.2,31,79,07.08
08.08.2019 23:50:00,08.08.2019,15.84,21.615694444444,29.38,0.1,74.6875,43.285570891024,0.5,0.55,3749.8,323.1,31,79,08.08
09.08.2019 23:50:00,09.08.2019,14.86,24.514375,34.43,1.5,72.576388888889,43.285570891024,0.5,0.55,3759.8,309.3,31,79,09.08
10.08.2019 23:50:00,10.08.2019,17.52,22.098541666667,27.03,2.4,70.409722222222,43.285570891024,0.5,0.55,3780.8,305.8,32,79,10.08
11.08.2019 23:50:00,11.08.2019,13.86,18.919652777778,26.46,9.3,82.3125,42.270982164734,0.5,0.458683781465,3788.1,285.3,32,79,11.08
12.08.2019 23:50:00,12.08.2019,14.01,16.752222222222,21.97,3.7,86.666666666667,39.913766972926,0.3,0.271282660567,3791.4,243.7,32,81,12.08
13.08.2019 23:50:00,13.08.2019,11.49,17.086180555556,21.91,0,74.034722222222,38.713806314734,0.3,0.33,3796.4,248.8,32,81,13.08
14.08.2019 23:50:00,14.08.2019,8.33,16.500555555556,25.13,0,71.326388888889,43.22463281366,0.3,0.315757854925,3798.8,251.1,32,81,14.08
15.08.2019 23:50:00,15.08.2019,10.77,17.014375,23.12,4.8,80.298611111111,39.134196235165,0.3,0.263669439505,3807.8,234.3,32,81,15.08
16.08.2019 23:50:00,16.08.2019,12.53,19.469166666667,26.4,0.1,71.048611111111,35.991339092307,0.3,0.33,3820.7,273.1,32,83,16.08
17.08.2019 23:50:00,17.08.2019,14.5,20.598888888889,25.07,0,70.520833333333,32.384680935444,0.3,0.29753392902,3827.6,233.3,33,83,17.08
18.08.2019 23:50:00,18.08.2019,15.61,24.153541666667,31.2,13.6,66.847222222222,25.832055485949,0.3,0,3832,263.7,33,83,18.08
19.08.2019 23:50:00,19.08.2019,15.52,18.588402777778,22.28,11,90.979166666667,21.956588906424,0.3,0,3834.1,219.2,33,83,19.08
20.08.2019 23:50:00,20.08.2019,11.25,14.987291666667,17.36,11.5,96.694444444444,17.242303192138,0.3,0,3835.2,177.3,33,83,20.08
21.08.2019 23:50:00,21.08.2019,8.83,14.839166666667,23.39,0.2,85.729166666667,15.87433383607,0.2,0.22,3836.1,178.3,33,85,21.08
22.08.2019 23:50:00,22.08.2019,8.78,17.045833333333,25.02,0,82.1875,15.25048470028,0.2,0.22,3846.5,207.1,33,85,22.08
23.08.2019 23:50:00,23.08.2019,11.53,18.909513888889,26.89,0.1,81.069444444444,13.679056128851,0.2,0.22,3851.8,193.6,33,85,23.08
24.08.2019 23:50:00,24.08.2019,12.65,19.778472222222,28.58,0,81.284722222222,12.571428571429,0.2,0.22,3857.1,198.9,33,85,24.08
25.08.2019 23:50:00,25.08.2019,13.57,20.924027777778,30.8,0.1,77.770833333333,15.714285714286,0.2,0.22,3859.1,182.4,33,85,25.08
26.08.2019 23:50:00,26.08.2019,13.26,21.79375,31.26,0,74.965277777778,18.857142857143,0.2,0.22,3860.6,183.8,33,85,26.08
27.08.2019 23:50:00,27.08.2019,14.09,22.998125,31.46,0,70.4375,21.835722707653,0.2,0.208500589536,3861.9,185.1,33,85,27.08
28.08.2019 23:50:00,28.08.2019,18.55,24.928472222222,31.67,0,64.611111111111,21.342507199167,0.2,0.185474914406,3862.9,186.1,34,85,28.08
29.08.2019 23:50:00,29.08.2019,17.67,22.519722222222,30.39,0,77.1875,21.342507199167,0.2,0.22,3863.4,131.6,34,85,29.08
30.08.2019 23:50:00,30.08.2019,16,21.767708333333,28.51,0,82.145833333333,21.342507199167,0.2,0.22,3867.9,115.5,34,85,30.08
31.08.2019 23:50:00,31.08.2019,15.48,23.809236111111,32.07,0.1,72.111111111111,21.313812464676,0.2,0.217991368586,3868.6,49.3,34,85,31.08
01.09.2019 23:50:00,01.09.2019,18.48,21.960902777778,25.63,0,67.395833333333,20.775058055339,0.2,0.182287191346,3868.8,5,34,85,01.09
02.09.2019 23:50:00,02.09.2019,10.01,17.136458333333,22.18,0,72.6875,20.739253860886,0.2,0.217493706388,3868.8,0,34,85,02.09
03.09.2019 23:50:00,03.09.2019,8.25,15.697708333333,24.7,0,75.5625,20.903531153233,0.2,0.22,3868.8,0,34,85,03.09
04.09.2019 23:50:00,04.09.2019,8.52,18.08875,26.86,0,64.069444444444,20.650361055175,0.2,0.167753007542,3868.8,0,34,85,04.09
05.09.2019 23:50:00,05.09.2019,10.58,14.230972222222,18.23,0.8,81.680555555556,20.650361055175,0.2,0.22,3868.8,0,34,85,05.09
06.09.2019 23:50:00,06.09.2019,9.31,13.504027777778,18.31,0,84.145833333333,20.650361055175,0.2,0.22,3868.8,0,34,85,06.09
07.09.2019 23:50:00,07.09.2019,8.19,14.408958333333,21.7,2.4,76.75,20.381244397701,0.2,0.199153202562,3868.8,0,34,85,07.09
08.09.2019 23:50:00,08.09.2019,10.03,11.944236111111,14.4,7.1,95.770833333333,18.170396951942,0.2,0.027527870143,3868.8,0,34,85,08.09
09.09.2019 23:50:00,09.09.2019,8.75,13.300277777778,19.48,0,79.618055555556,17.981068279711,0.2,0.204240699332,3868.8,0,34,85,09.09
10.09.2019 23:50:00,10.09.2019,7.52,13.64625,20.53,0,80.347222222222,17.745525328066,0.2,0.203511993385,3868.8,0,34,85,10.09
11.09.2019 23:50:00,11.09.2019,7.42,14.941805555556,21.61,0,78.986111111111,18.363496483482,0.2,0.211010988421,3868.8,0,34,85,11.09
12.09.2019 23:50:00,12.09.2019,9.15,17.499305555556,27.61,0,68.875,18.310478370426,0.2,0.216288732086,3868.8,0,34,85,12.09
13.09.2019 23:50:00,13.09.2019,10.14,17.421527777778,24.97,0,80.979166666667,18.310478370426,0.2,0.22,3868.8,0,34,85,13.09
14.09.2019 23:50:00,14.09.2019,11.43,17.084097222222,24.21,0,90.152777777778,18.608289762391,0.2,0.22,3868.8,0,34,85,14.09
15.09.2019 23:50:00,15.09.2019,12.35,19.842152777778,30.13,0.1,78.930555555556,21.357891617488,0.2,0.22,3868.8,0,34,85,15.09
16.09.2019 23:50:00,16.09.2019,12.71,20.236805555556,30.94,0,78.104166666667,18.440167341315,0.2,0,3868.8,0,34,85,16.09
17.09.2019 23:50:00,17.09.2019,10.79,16.290277777778,21.66,0,79.493055555556,15.532853150102,0.2,0,3868.8,0,34,85,17.09
18.09.2019 23:50:00,18.09.2019,6.57,12.258958333333,19.48,0,77.909722222222,12.518410458373,0.2,0,3868.8,0,34,85,18.09
19.09.2019 23:50:00,19.09.2019,3.53,10.693819444444,19.13,0,73.361111111111,9.428571428571,0.2,0,3868.8,0,34,85,19.09
20.09.2019 23:50:00,20.09.2019,2.04,10.500486111111,20.77,0,73.708333333333,6.285714285714,0.2,0,3868.8,0,34,85,20.09
21.09.2019 23:50:00,21.09.2019,4.58,13.487847222222,23.95,0,73.583333333333,3.142857142857,0.2,0,3868.8,0,34,85,21.09
22.09.2019 23:50:00,22.09.2019,10.14,17.867222222222,28.11,17.9,79.208333333333,0,0.2,0,3868.8,0,34,85,22.09
23.09.2019 23:50:00,23.09.2019,10.22,15.362569444444,20.96,12.5,84.354166666667,0,0.2,0,3868.8,0,34,85,23.09
24.09.2019 23:50:00,24.09.2019,7.12,12.977708333333,17.46,1.5,91.381944444444,0,0.2,0,3868.8,0,34,85,24.09
25.09.2019 23:50:00,25.09.2019,13.81,15.780069444444,18.77,2.1,81.256944444444,0,0.2,0,3868.8,0,34,85,25.09
26.09.2019 23:50:00,26.09.2019,14.27,16.79375,18.75,1.1,85.277777777778,0,0.2,0,3868.8,0,34,89,26.09
27.09.2019 23:50:00,27.09.2019,14.96,17.517638888889,20.18,4.7,79.576388888889,0,0.2,0,3868.8,0,34,89,27.09
28.09.2019 23:50:00,28.09.2019,12.68,15.913402777778,20.32,0.2,77.673611111111,0,0.2,0,3868.8,0,34,89,28.09
29.09.2019 23:50:00,29.09.2019,7.84,17.645625,25.13,0,64.618055555556,0,0.2,0,3868.8,0,34,89,29.09
30.09.2019 23:50:00,30.09.2019,11.25,16.208333333333,20.23,0,73.791666666667,0,0.2,0,3868.8,0,34,89,30.09
01.10.2019 23:50:00,01.10.2019,11.61,17.166597222222,21.12,3,73.756944444444,0,0.2,0,3868.8,0,34,89,01.10
02.10.2019 23:50:00,02.10.2019,6.68,12.722847222222,17.71,7.2,89.666666666667,0,0.2,0,3868.8,0,34,89,02.10
03.10.2019 23:50:00,03.10.2019,4.2,9.432777777778,15.5,0.1,85.055555555556,0,0.2,0,3868.8,0,34,89,03.10
04.10.2019 23:50:00,04.10.2019,6.15,11.186527777778,13.69,0.3,87.118055555556,0,0.2,0,3868.8,0,34,89,04.10
05.10.2019 23:50:00,05.10.2019,10.31,12.493611111111,15.58,10.8,92.541666666667,0,0.2,0,3868.8,0,34,89,05.10
06.10.2019 23:50:00,06.10.2019,9.82,11.958055555556,14.84,2.8,95.333333333333,0,0.2,0,3868.8,0,34,89,06.10
07.10.2019 23:50:00,07.10.2019,9.29,11.961458333333,16.89,0.1,86.902777777778,0,0.2,0,3868.8,0,34,89,07.10
08.10.2019 23:50:00,08.10.2019,10.4,15.237013888889,21.06,0,77.576388888889,0,0.2,0,3868.8,0,34,89,08.10
09.10.2019 23:50:00,09.10.2019,11.08,12.467916666667,16.09,5.6,90.513888888889,0,0.2,0,3868.8,0,34,89,09.10
10.10.2019 23:50:00,10.10.2019,11.2,12.663194444444,15.85,1,82.465277777778,0,0.2,0,3868.8,0,34,89,10.10
11.10.2019 23:50:00,11.10.2019,10.12,14.701388888889,21.34,0,73.243055555556,0,0.2,0,3868.8,0,34,89,11.10
12.10.2019 23:50:00,12.10.2019,8.78,17.554027777778,24.52,0,69.652777777778,0,0.2,0,3868.8,0,34,89,12.10
13.10.2019 23:50:00,13.10.2019,11.93,18.586527777778,28,0,75,0,0.2,0,3868.8,0,34,89,13.10
14.10.2019 23:50:00,14.10.2019,12.7,18.358472222222,26.8,0,74.958333333333,0,0.2,0,3868.8,0,34,89,14.10
15.10.2019 23:50:00,15.10.2019,10.28,12.792847222222,16.64,6.9,92.055555555556,0,0.2,0,3868.8,0,34,89,15.10
16.10.2019 23:50:00,16.10.2019,9.36,13.718263888889,19.46,0,69.791666666667,0,0.2,0,3868.8,0,34,89,16.10
17.10.2019 23:50:00,17.10.2019,12.99,16.454027777778,21.48,1.8,66.979166666667,0,0.2,0,3868.8,0,34,89,17.10
18.10.2019 23:50:00,18.10.2019,12.43,15.616041666667,19.59,15.7,78.611111111111,0,0.2,0,3868.8,0,34,89,18.10
19.10.2019 23:50:00,19.10.2019,11.68,13.36125,16.9,18.7,90.763888888889,0,0.2,0,3868.8,0,34,89,19.10
20.10.2019 23:50:00,20.10.2019,9.25,13.682083333333,19.74,0.1,93.458333333333,0,0.2,0,3868.8,0,34,89,20.10
21.10.2019 23:50:00,21.10.2019,11.75,13.969375,15.77,5.5,91.326388888889,0,0.2,0,3868.8,0,34,89,21.10
22.10.2019 23:50:00,22.10.2019,10.7,12.494027777778,13.76,0.1,98.729166666667,0,0.2,0,3868.8,0,34,89,22.10
23.10.2019 23:50:00,23.10.2019,11.26,12.227361111111,14.31,0,98.208333333333,0,0.2,0,3868.8,0,34,89,23.10
24.10.2019 23:50:00,24.10.2019,11.03,15.727638888889,20.61,0,78.055555555556,0,0.2,0,3868.8,0,34,89,24.10
25.10.2019 23:50:00,25.10.2019,7.58,13.927013888889,20.01,0,79.791666666667,0,0.2,0,3868.8,0,34,89,25.10
26.10.2019 23:50:00,26.10.2019,5.12,13.455416666667,21.89,0,77.979166666667,0,0.2,0,3868.8,0,34,89,26.10
27.10.2019 23:50:00,27.10.2019,13.05,16.928472222222,21.3,0.6,71.888888888889,0,0.2,0,3868.8,0,34,89,27.10
28.10.2019 23:50:00,28.10.2019,7.07,8.525486111111,13.24,3.6,99.652777777778,0,0.2,0,3868.8,0,34,89,28.10
29.10.2019 23:50:00,29.10.2019,6.87,7.204027777778,7.71,4.8,100,0,0.2,0,3868.8,0,34,89,29.10
30.10.2019 23:50:00,30.10.2019,6.85,7.226875,7.73,5.5,100,0,0.2,0,3868.8,0,34,89,30.10
31.10.2019 23:50:00,31.10.2019,7.06,7.774166666667,8.69,0.6,99.902777777778,0,0.2,0,3868.8,0,34,89,31.10
01.11.2019 23:50:00,01.11.2019,7.97,11.506388888889,14.76,5.4,91.680555555556,0,0.2,0,3868.8,0,34,89,01.11
02.11.2019 23:50:00,02.11.2019,11.66,14.709722222222,18.73,7.4,87.020833333333,0,0,0,0,0,0,0,02.11
03.11.2019 23:50:00,03.11.2019,9.53,12.328125,15.1,8.3,82.326388888889,0,0,0,0,0,0,0,03.11
04.11.2019 23:50:00,04.11.2019,9.69,11.420138888889,13.13,4.8,82.5,0,0,0,0,0,0,0,04.11
05.11.2019 23:50:00,05.11.2019,6.43,9.439791666667,12.88,3.3,83.763888888889,0,0,0,0,0,0,0,05.11
06.11.2019 23:50:00,06.11.2019,7.35,8.821944444444,11.79,1.2,88.506944444444,0,0,0,0,0,0,0,06.11
07.11.2019 23:50:00,07.11.2019,4.79,8.424513888889,10.75,0.5,77.166666666667,0,0,0,0,0,0,0,07.11
08.11.2019 23:50:00,08.11.2019,3.15,5.8025,7.43,0.2,92.180555555556,0,0,0,0,0,0,0,08.11
09.11.2019 23:50:00,09.11.2019,-0.16,4.042430555556,10.74,0,89.125,0,0,0,0,0,0,0,09.11
10.11.2019 23:50:00,10.11.2019,-2.25,1.867013888889,6.92,0.1,96.076388888889,0,0,0,0,0,0,0,10.11
11.11.2019 23:50:00,11.11.2019,0.66,4.233541666667,8.09,1.3,89.118055555556,0,0,0,0,0,0,0,11.11
12.11.2019 23:50:00,12.11.2019,4.61,6.340069444444,9.39,0,79.027777777778,0,0,0,0,0,0,0,12.11
13.11.2019 23:50:00,13.11.2019,2.68,4.979166666667,6.14,0,85.201388888889,0,0,0,0,0,0,0,13.11
14.11.2019 23:50:00,14.11.2019,-0.92,3.368819444444,7.71,0,88.916666666667,0,0,0,0,0,0,0,14.11
15.11.2019 23:50:00,15.11.2019,0.44,3.917222222222,8.33,0,89.923611111111,0,0,0,0,0,0,0,15.11
16.11.2019 23:50:00,16.11.2019,-1.38,2.600416666667,10.15,0,92.770833333333,0,0,0,0,0,0,0,16.11
17.11.2019 23:50:00,17.11.2019,-0.69,1.446666666667,3.17,3.9,98.979166666667,0,0,0,0,0,0,0,17.11
18.11.2019 23:50:00,18.11.2019,1.07,3.991597222222,6.03,6.5,88.444444444444,0,0,0,0,0,0,0,18.11
19.11.2019 23:50:00,19.11.2019,1.94,4.062916666667,6.45,0.1,90.826388888889,0,0,0,0,0,0,0,19.11
20.11.2019 23:50:00,20.11.2019,0.08,0.999444444444,2.87,0.1,99.965277777778,0,0,0,0,0,0,0,20.11
21.11.2019 23:50:00,21.11.2019,-0.53,2.195625,6.68,0.1,98.743055555556,0,0,0,0,0,0,0,21.11
22.11.2019 23:50:00,22.11.2019,1.39,5.446458333333,9.96,0,93.229166666667,0,0,0,0,0,0,0,22.11
23.11.2019 23:50:00,23.11.2019,0.67,2.5325,4.25,0,100,0,0,0,0,0,0,0,23.11
24.11.2019 23:50:00,24.11.2019,-0.35,3.839166666667,9.47,0,97.298611111111,0,0,0,0,0,0,0,24.11
25.11.2019 23:50:00,25.11.2019,3.7,6.766944444444,9.28,0.1,98.423611111111,0,0,0,0,0,0,0,25.11
26.11.2019 23:50:00,26.11.2019,5.42,10.244583333333,16.47,0,81.180555555556,0,0,0,0,0,0,0,26.11
27.11.2019 23:50:00,27.11.2019,5.23,10.960208333333,14.28,1.3,74.625,0,0,0,0,0,0,0,27.11
28.11.2019 23:50:00,28.11.2019,8.27,10.297916666667,11.86,1.9,79.354166666667,0,0,0,0,0,0,0,28.11
29.11.2019 23:50:00,29.11.2019,4.87,7.693263888889,9.98,9.6,90.847222222222,0,0,0,0,0,0,0,29.11
30.11.2019 23:50:00,30.11.2019,-0.41,3.122430555556,6.85,0,93.402777777778,0,0,0,0,0,0,0,30.11
01.12.2019 23:50:00,01.12.2019,0,2.308680555556,4.36,0.1,97.027777777778,0,0,0,0,0,0,0,01.12
02.12.2019 23:50:00,02.12.2019,-3.45,0.918541666667,3.36,0,93.263888888889,0,0,0,0,0,0,0,02.12
03.12.2019 23:50:00,03.12.2019,-5,-1.486666666667,5.23,0.1,94.034722222222,0,0,0,0,0,0,0,03.12
04.12.2019 23:50:00,04.12.2019,-5.65,-2.644305555556,2,0.1,96.722222222222,0,0,0,0,0,0,0,04.12
05.12.2019 23:50:00,05.12.2019,-5.77,-1.036805555556,5.11,0.2,94.861111111111,0,0,0,0,0,0,0,05.12
06.12.2019 23:50:00,06.12.2019,1.61,7.938402777778,11.71,0,68.430555555556,0,0,0,0,0,0,0,06.12
07.12.2019 23:50:00,07.12.2019,7.04,8.885,11,0.1,82.472222222222,0,0,0,0,0,0,0,07.12
08.12.2019 23:50:00,08.12.2019,8.86,10.662222222222,12.55,1.2,75.715277777778,0,0,0,0,0,0,0,08.12
09.12.2019 23:50:00,09.12.2019,5.22,7.414652777778,10.5,2.3,82.4375,0,0,0,0,0,0,0,09.12
10.12.2019 23:50:00,10.12.2019,-2.71,2.615,8.09,0,82.715277777778,0,0,0,0,0,0,0,10.12
11.12.2019 23:50:00,11.12.2019,-3.75,2.345833333333,8.44,2.8,82.694444444444,0,0,0,0,0,0,0,11.12
12.12.2019 23:50:00,12.12.2019,-0.81,3.235138888889,6.3,0.6,83.208333333333,0,0,0,0,0,0,0,12.12
13.12.2019 23:50:00,13.12.2019,3.86,6.018541666667,7.92,10,82.083333333333,0,0,0,0,0,0,0,13.12
14.12.2019 23:50:00,14.12.2019,5.37,9.205347222222,11.8,0.5,71.069444444444,0,0,0,0,0,0,0,14.12
15.12.2019 23:50:00,15.12.2019,7.85,11.904305555556,14.42,2.7,77.763888888889,0,0,0,0,0,0,0,15.12
16.12.2019 23:50:00,16.12.2019,5,8.725277777778,12.04,0,85.75,0,0,0,0,0,0,0,16.12
17.12.2019 23:50:00,17.12.2019,3.89,6.960694444444,13.57,0,90.229166666667,0,0,0,0,0,0,0,17.12
18.12.2019 23:50:00,18.12.2019,5.15,11.1825,15.31,0.5,83.659722222222,0,0,0,0,0,0,0,18.12
19.12.2019 23:50:00,19.12.2019,1.83,5.922430555556,12.71,0.2,95.4375,0,0,0,0,0,0,0,19.12
20.12.2019 23:50:00,20.12.2019,0.83,5.444236111111,10.67,9.3,94.590277777778,0,0,0,0,0,0,0,20.12
21.12.2019 23:50:00,21.12.2019,1.6,5.551458333333,9.11,2.8,89.368055555556,0,0,0,0,0,0,0,21.12
22.12.2019 23:50:00,22.12.2019,6.02,8.679305555556,10.62,2.3,80.395833333333,0,0,0,0,0,0,0,22.12
23.12.2019 23:50:00,23.12.2019,5.48,6.699236111111,8.03,0.5,89.145833333333,0,0,0,0,0,0,0,23.12
24.12.2019 23:50:00,24.12.2019,6.49,8.589027777778,11.46,0.8,81.972222222222,0,0,0,0,0,0,0,24.12
25.12.2019 23:50:00,25.12.2019,0.36,6.993888888889,10.65,0.8,89.097222222222,0,0,0,0,0,0,0,25.12
26.12.2019 23:50:00,26.12.2019,-1.96,2.585902777778,7.44,0.4,93.722222222222,0,0,0,0,0,0,0,26.12
27.12.2019 23:50:00,27.12.2019,5.64,7.705694444444,10.29,7.5,94.388888888889,0,0,0,0,0,0,0,27.12
28.12.2019 23:50:00,28.12.2019,1.12,3.445416666667,5.63,0,98.472222222222,0,0,0,0,0,0,0,28.12
29.12.2019 23:50:00,29.12.2019,-1.56,-0.534027777777778,1.08,0,99.402777777778,0,0,0,0,0,0,0,29.12
30.12.2019 23:50:00,30.12.2019,-2.7,-1.321041666667,1.03,0,100,0,0,0,0,0,0,0,30.12
